霊体変化：雷	Spirit Form Transformation： Thunder
猛毒分泌：牙爪舌	Deadly Venom Secretion:(Fangs, Claws, Tongue)
魔術姫	Magical Princess
魔力回復速度超上昇	Super Mana Recovery Rate Increase
杖装備時魔術力増強：中	Strengthened Magic Power when Equipped with: Staff
能力値強化：月光	Enhance Abilities: Moonlight
光姫魔術	Light Princess Magic
魔術精密制御	Precise Mana Control
鬼女王	Demon Queen
変身鬼妃	Transformation Demon Queen
斧装備時攻撃力強化：極大	Enhanced Attack Power when Equipped with Axe
鬼妃斧刃術	Demon Queen Axe Cutting Technique
御使い降魔	Demon Descent
変身装具の守護聖人	Patron Saint of Transforming Equipment
マロル	Marol
ウルミ	Urmi
スルガ	Surga
花火師	Fireworks
念動力士	Psychic Power User
念動戦士	Psychic Warrior
念動力強化	Small Mental Power Strengthening
調合	Compounding
花火作成	Fireworks Creation
全方向視覚	Omnidirectional Vision
フォースビジョン	Force Vision
念動力	Mental Power
自己強化：祖	Self-Reinforcement: Ancestor
杖装備時魔術攻撃力強化	Enhanced Magic and Attack Power when Equipped with	Staff
結界限界突破	Surpass Limits Barrier
無手時攻撃力増強	Strengthened Attack Power Unarmed
無手時攻撃力増強：小	Strengthened Attack Power Unarmed: small
魔砲発動時攻撃力強化：極大	Strengthened Attack Power while activating a Magic Cannon: Max
身体超強化：爪牙	Super Enhanced Physical Ability: Claw, Tooth
能力値強化：番犬	Strengthened Attribute Values: Watchdog
闇のオーラ	Dark Aura
炎のブレス	Flame Breath
冷気無効	Frost Immunity
変身装具士	Transformable Gear Warrior
自己強化：殺業	Self-Reinforcement: Murder
ユリアーナ・アルクレム	Yuliana Alcrem
ユリアーナ	Yuliana
光属性無効	Light-Attribute Nullity
ホリー	Holly
アイザック・モークシー	Issac Moksi
アイザック	Issac
ロドリゲス	Rodriguez
エドモンド	Edmond
ゴードン	Gordon
神霊魔術	Divine Spirit Magic
神霊魔術師	Divine Spirit Mage
完全記録術	Perfect Recording
自己強化：水上	Self-Reinforcement: On Water
空中航行	Aerial Navigation
水中航行	Underwater Navigation
高速航行	High-Speed Navigation
能力値強化：被信仰	Strengthened Attribute Values: Target of Faith
魔力常時回復	Constant Mana Recovery
魔力常時回復	Constant Mana Recovery
同時多発動	Simultaneous Multi-cast
魔杖創造者	Magic Wand Creator
荒御魂	Aramitama / Desolation Spirit
冥群砲士	Dark Battery Cannoneer
魂格闘士	Soul Fighter / Martial Artist
神滅者	God Destroyer
クリフォト	Qliphoth
冥獣使い	Dark Beast User
整霊師	Spirit Tuner
匠：変身装具	Artisan: Transformation Equipment
虚影士	Shadow Warrior
アポリオン	Apollion / Abaddon
デモゴルゴン	Demogorgon
魂喰士	Soul Eater
神喰者	God Eater
羅刹王	Rakshasa King
ネルガル	Nergal
シャイターン	Jersey Devil / Satan (Arab)
蚩尤	Natural Fool
ウロボロス	Ouroboros
ルドラ	Rudra
血統者	Blood Ruler
魔電士	Demonic Lightning Warrior
陰導士	Shadow/Yin Guider
神導士	God/Divine Guider
ジャガーノート	Juggernaut
整霊	Refined Spirit
ダンピール(女神)	Dhampir (goddess)
黒血帝	Black Blood Emperor
龍帝	Dragon Emperor
屋台王	King of the Stalls
天才テイマー	Genius Tamer
歓楽街の真の支配者	True Ruler of the Entertainment District
弦術士	String User
大魔王	Great Demon King
冥魔創滅夢道誘引	Enticement Dark Demon Creation Destruction Dream Path
導き：冥魔創滅夢道	Guidance: Dark Demon Creation Destruction Dream Path
従群超強化	Mass Strengthen Adherents
魔糸精製	Magic Thread Refining
能力値強化：ヴィダル魔帝国	Strengthened Attribute Values: Vidal Empire
自己再生：共食い	Self-Regeneration: Cannibalism
能力値増強：共食い	Augmented Attribute Values: Cannibalism
魂纏時能力値強化	Strengthened Attack Power Materialized Soul
統血	Bloodrule
魂格滅闘術	Soul Breaking Arts
具現化	Embodiment / Realization
装影群術	Group Shadow Binding Technique
欠片限界超越	Trascend Limits
楽器演奏	Musical / Instrument Performance
異貌多重魂魄	Abnormal Soul Hive
地球の神の加護	Gods of Earth's Divine Protection
魔王の魔眼	Demon King's Evil Eye
魂魄限界突破	Surpass Limits Soul
変異誘発	Mutagenesis
魔王の肉体	Demon King's Body
亜神	Demi-God
芸導士	Entertainer / Guider
変鎖鎧術	Moving Chains Armor Technique
将群	General Commanding
マジカルアイドル	Magical Idol
マジカルダンサー	Magical Dancer
伝道者	Evangelist
弓装備時攻撃力強化：中	Enhanced Dexterity when Equipped with Bow: Medium
自己強化：変身	Self-Reinforcement: Henshin / Transformation
導き：芸道	Guidance: Entertainment Path
芸道誘引	Enticement Entertainment Path
血管	血管
：骨	: Bone
：小	: small
火・光属性耐性	Fire and Light-Attribute Resistance
生命属性の神々(ヴィダ派)の加護	Life Attribute Gods’ Divine Protection (Those allied with Vida)
魔杖限界突破	Surpass Limits Magic Staff
魔杖装者	Magic Staff Transformation
命帝魔術師	Life-Emperor Mage
夢導士	Dream Guider
能力値強化：	Strengthened Attribute Values: 
斧装備時攻撃力強化：小	Enhanced Attack Power when Equipped with Axe: small
能力値強化：	Enhance Abilities: 
見習い神官	Apprentice Priest
神官	Priest
ドルトン	Dalton
聖母殺し	Holy Mother Killer
ミルの加護	Mill’s Divine Blessing
体内世界	Inner Body World
ジョニー・ヤマオカ	Johnny Yamaoka
ジョニー	Johnny
ヤマオカ	Yamaoka
ダローク	Darock
ベールケルト	Bellquert
セイタンプロミネンスゴースト	Satan Prominence Ghost
グールウィザードソードアデプト	Ghoul Wizard Sword Adept
炎空魔術師	Fire-Space Magic Swordsman
高位精霊魔術師	High Ranking Spiritual-Mage